ID,y
1,80.70066
2,97.8746
3,84.59956
4,80.08253
5,107.46517
8,95.699066
10,97.45733
11,97.805214
12,113.30159
14,101.79844
15,113.30159
16,99.08376
17,102.96392
19,96.49013
20,97.86131
21,102.16976
22,113.30159
23,102.96392
26,97.03257
28,108.659645
29,102.96392
33,102.96392
35,97.26317
41,102.16976
42,95.99315
43,111.57905
45,97.76618
46,101.33051
51,97.482056
53,91.35084
55,103.24266
56,101.53971
57,107.76293
58,98.308235
59,100.26401
63,104.30461
64,96.91368
65,97.17779
69,101.91855
71,98.308235
72,102.350075
73,98.57025
76,100.34071
77,101.66442
78,113.30159
82,98.57025
83,97.17779
84,101.76456
85,101.99847
87,107.29709
88,102.16976
89,98.60239
91,97.65361
93,104.01601
94,105.11434
95,97.8746
96,108.12822
97,98.33415
98,103.04719
99,101.70375
101,103.29437
103,98.60239
104,97.33241
105,103.93137
110,101.27587
111,101.927574
113,104.30909
114,96.12789
115,109.819626
117,98.60239
120,102.12009
121,107.21883
122,95.974
123,103.228035
126,101.93521
132,107.81557
135,102.8548
137,101.99847
138,96.733215
140,101.73518
142,110.06373
144,107.29709
148,96.99948
149,97.97538
155,102.49925
156,107.804344
157,98.33415
162,109.038635
163,96.769325
167,97.98606
172,111.57905
179,104.30909
180,96.59591
181,104.46518
182,101.04428
183,98.60239
185,98.60239
187,102.79466
188,98.57025
189,97.77378
191,100.346886
192,98.18609
193,97.694336
194,104.46518
195,101.04708
196,99.04282
198,105.77603
199,107.29709
201,97.09033
204,96.72354
205,99.37337
206,101.77912
210,103.350334
211,103.29437
216,106.52611
219,113.30159
220,96.72354
221,101.97929
226,104.46518
227,101.74564
228,107.29709
230,107.29709
231,98.33415
235,113.30159
236,100.232574
238,107.29709
242,104.60962
243,96.88263
244,82.47876
245,113.12349
247,106.771996
248,85.00758
249,96.41926
250,109.47821
251,100.232574
253,113.30159
254,96.91648
256,98.06757
257,96.99948
258,108.24139
259,101.50828
262,83.21971
266,98.885796
267,107.660645
272,101.593796
273,98.60239
275,95.974
276,104.92002
279,100.346886
280,97.17779
283,94.99138
285,107.29709
288,98.60239
289,97.448494
290,97.17779
291,103.350334
292,104.07182
293,101.579094
296,95.7299
297,103.08209
298,113.30159
299,98.57025
304,95.445305
305,83.37493
306,95.95256
307,104.70928
311,101.579094
313,104.46518
314,100.44947
316,98.487915
324,97.13033
327,98.22915
329,95.445305
330,104.70928
337,98.33415
338,101.336006
339,98.20439
340,97.694336
343,96.02313
345,113.30159
346,97.98606
347,107.46517
349,109.038635
350,97.28692
352,102.17168
353,97.32307
354,81.3717
357,98.06757
358,105.08007
362,106.526405
364,98.86961
365,101.9167
366,98.57763
367,102.72331
368,96.49013
370,84.08557
373,98.308235
377,101.04708
378,102.06047
382,100.34071
384,107.29709
390,97.6305
392,105.84352
393,101.42412
395,98.91167
396,98.912674
399,85.83608
406,104.46518
408,104.46518
409,96.847244
410,80.70066
412,107.254364
413,94.998375
419,97.22583
420,104.30909
421,95.24248
430,105.64959
434,97.482056
436,98.81928
437,101.53971
438,95.699066
439,106.52611
440,103.865036
443,99.46575
446,97.504196
448,97.8746
452,97.98606
453,107.76293
457,97.51326
458,98.06757
459,113.12074
460,107.80181
462,107.660645
464,108.24139
465,113.30159
467,105.403946
471,100.07356
472,80.408936
473,101.94785
475,95.95256
480,100.653076
488,101.95233
490,104.70928
491,103.4944
492,84.59956
493,98.06757
497,98.225395
498,105.403946
499,96.769325
500,101.33051
501,98.06757
502,107.46517
506,89.95858
510,100.63032
511,95.383064
512,95.445305
516,96.41926
518,99.75675
519,107.46517
521,97.8746
522,109.88288
526,107.76293
529,103.72284
532,107.76293
533,97.448494
536,104.232925
537,101.032455
539,98.57025
540,103.29437
541,96.73325
543,97.77378
546,105.59942
547,101.003555
548,84.08557
551,98.06757
552,107.29709
556,101.79844
557,98.59271
558,102.72331
559,100.85161
560,99.573395
562,99.37337
566,100.4576
570,105.403946
571,101.53971
572,97.17779
573,98.57025
575,113.30159
576,103.48676
577,97.57864
579,95.82503
580,106.150085
581,107.81557
589,104.70928
591,103.39767
593,99.575905
594,101.574615
595,97.51349
598,98.06757
602,105.4997
604,108.74864
606,109.20541
608,98.38216
609,103.29437
610,97.482056
616,107.46517
617,96.41926
618,101.23309
620,102.350075
622,101.7321
623,93.99611
624,108.50454
626,110.11969
628,107.76293
629,97.32672
630,107.29709
637,97.59658
638,97.87798
643,101.336006
645,100.653076
646,102.17168
648,97.65946
652,97.20213
653,101.53971
654,105.403946
656,103.48676
657,100.26401
659,97.38986
660,106.852516
663,95.72244
664,107.804344
666,107.21883
668,102.17168
669,95.91624
671,96.530716
675,96.41926
677,97.8865
678,112.747505
679,97.79661
682,100.38992
685,105.94059
687,97.228264
688,96.49013
693,102.350075
696,98.22915
698,95.23731
701,99.081314
704,103.07688
705,112.80658
709,102.72331
710,96.88263
711,107.76293
712,100.38992
714,109.038635
715,87.173004
716,104.70928
717,96.16372
720,113.30159
721,100.346886
724,96.152145
725,97.504196
726,101.40569
728,101.180016
731,102.307106
734,108.10536
738,96.22596
745,103.58469
746,95.95256
751,83.23183
754,97.31
756,99.95035
758,102.528404
759,104.333916
761,113.30159
766,101.41752
767,104.08886
768,94.49112
769,98.564354
770,96.3657
771,84.59956
772,107.29709
773,98.06757
774,101.22738
776,107.29709
777,102.79466
780,112.01242
782,103.29437
787,103.39767
788,98.57025
792,93.99611
793,103.48676
798,109.1669
800,94.192245
806,104.70928
809,108.30907
811,99.3543
812,95.59472
814,113.30159
816,100.627785
817,100.346886
818,101.30419
820,98.25281
823,98.06757
829,94.54679
830,108.377846
831,96.152145
834,106.852516
839,98.60239
841,85.22076
844,103.29437
845,98.16558
848,95.445305
850,114.39253
851,107.29709
852,95.40804
854,96.69266
855,97.464325
856,100.777756
859,108.24139
861,101.22738
864,96.132286
865,101.22738
866,94.66186
867,97.146355
869,100.90097
871,96.132286
872,104.70928
882,100.82326
883,97.482056
885,100.346886
888,98.22915
893,104.70928
901,112.747505
903,103.4944
904,97.84031
905,107.29709
910,100.4576
911,107.6235
914,105.51116
918,102.39551
921,93.94814
928,97.32672
929,107.80181
932,97.98606
933,101.66442
934,100.4576
935,104.12824
937,84.32866
939,98.57025
940,101.33051
941,98.06757
942,107.21629
943,95.481415
944,107.620964
947,104.70928
949,102.8548
951,100.90097
952,101.39825
953,103.4944
954,80.08253
957,107.80181
959,94.4527
960,107.804344
963,113.30159
965,104.70928
967,105.94059
971,97.28692
972,80.408936
973,94.54679
974,108.30907
975,102.39387
978,106.71788
980,103.581604
981,96.769325
984,104.232925
986,100.4576
988,94.49112
989,107.64527
990,103.39767
992,112.747505
996,101.53971
999,104.19753
1000,101.408226
1001,101.22738
1002,94.94771
1003,107.29709
1004,95.24248
1008,107.21883
1009,94.9265
1010,101.79627
1012,107.21883
1013,96.175156
1014,101.15114
1015,97.32307
1016,113.30159
1019,96.872955
1020,104.19753
1021,100.4576
1022,101.93266
1024,100.4576
1025,84.19459
1027,101.408226
1028,107.29709
1029,97.28448
1030,101.55434
1033,107.80181
1036,108.79366
1037,105.7485
1038,95.70947
1042,98.57025
1043,100.627785
1044,97.32307
1045,106.852516
1047,113.12074
1050,97.482056
1051,104.70928
1054,98.06757
1056,96.769325
1057,97.482056
1059,97.694336
1062,99.097435
1063,102.0163
1064,96.769325
1066,98.06757
1070,105.94059
1076,106.852516
1077,101.95233
1078,108.12822
1080,105.715454
1082,98.024506
1083,98.22915
1089,99.23861
1091,98.22915
1093,96.733215
1097,96.41926
1099,97.6629
1101,100.4576
1103,102.39387
1104,106.34526
1106,99.28591
1109,101.29118
1110,104.70928
1111,98.982925
1112,109.14323
1114,98.16558
1116,96.16372
1117,102.350075
1120,99.90688
1124,107.997284
1125,95.75006
1126,108.1676
1134,107.46517
1137,96.41926
1138,108.8046
1144,104.70928
1145,97.51349
1146,100.44947
1148,102.39387
1150,100.150986
1152,103.29437
1153,101.79844
1154,103.05027
1155,98.99318
1157,100.52773
1162,98.99318
1165,107.29709
1166,95.62451
1167,103.20837
1168,100.653076
1169,108.24139
1171,113.30159
1172,99.097435
1173,108.24139
1174,98.06757
1176,98.04951
1177,107.29709
1178,98.06757
1182,107.804344
1186,100.653076
1187,102.17168
1188,96.41926
1189,112.01242
1191,100.80678
1192,98.58851
1197,104.09194
1198,97.23621
1200,80.876686
1201,97.98606
1203,97.82173
1209,113.30159
1214,107.80181
1218,105.624565
1222,99.29291
1226,101.29118
1228,96.53256
1230,103.94333
1232,81.698105
1233,100.82842
1236,113.12074
1238,97.65361
1241,104.70928
1244,99.092514
1246,100.07356
1247,101.42032
1250,105.58479
1251,96.12789
1254,103.673744
1255,97.65361
1256,109.1669
1257,96.870514
1258,102.8548
1259,104.70928
1260,100.346886
1263,104.70928
1267,83.548004
1268,103.08209
1271,98.58851
1272,104.70928
1274,102.5501
1275,98.99318
1276,104.70928
1277,95.70947
1279,100.44947
1281,101.39825
1282,96.41926
1283,101.927574
1285,107.997284
1286,96.41926
1289,108.53391
1296,101.358864
1299,100.150986
1301,101.53971
1306,97.17629
1307,97.6629
1308,101.29118
1313,104.70928
1314,97.694336
1315,104.70928
1316,99.575905
1317,104.70928
1319,95.445305
1323,100.653076
1324,107.11624
1325,97.28692
1328,102.17168
1329,96.86418
1330,101.22738
1331,96.658104
1332,107.997284
1337,100.85414
1338,100.74105
1339,97.8746
1340,101.42032
1343,97.42374
1347,107.03336
1348,97.17397
1349,109.038635
1352,100.44947
1354,98.24498
1359,108.74864
1360,100.653076
1363,104.70928
1364,98.22915
1365,102.350075
1366,99.75675
1372,99.575905
1375,95.871414
1376,98.16558
1378,97.46993
1379,108.4786
1380,100.4576
1381,107.997284
1384,109.11943
1387,100.150986
1388,109.038635
1392,81.416565
1394,99.52351
1395,101.79844
1396,104.46518
1398,96.73325
1399,104.46518
1400,98.511185
1401,95.95256
1403,96.3258
1404,97.81587
1406,104.46518
1407,98.58851
1408,104.70928
1410,83.548004
1412,104.70928
1413,96.733215
1415,97.694336
1420,104.70928
1422,105.624565
1423,100.03077
1424,104.70928
1425,100.85161
1426,83.548004
1427,97.82173
1429,100.25736
1430,107.46517
1431,97.26885
1432,107.997284
1434,108.34845
1437,98.58851
1438,102.350075
1440,109.23411
1441,105.59942
1442,98.06757
1444,102.17168
1445,97.694336
1446,103.29437
1448,95.70947
1453,96.909485
1454,104.70928
1455,98.58851
1456,101.77912
1458,104.70928
1459,97.40054
1461,100.85161
1465,100.150986
1466,109.23411
1469,100.653076
1472,96.909485
1474,98.06757
1477,99.28591
1479,100.57987
1482,102.8548
1483,81.698105
1487,101.91295
1488,105.403946
1490,107.29709
1492,107.924515
1494,112.01242
1496,98.22915
1497,101.336006
1499,99.37337
1502,96.132286
1507,99.05447
1508,100.44947
1509,100.57987
1511,95.95256
1512,101.95233
1513,113.30159
1514,101.945404
1518,107.29709
1519,94.998375
1522,108.53391
1524,80.876686
1527,98.06757
1529,85.29791
1532,108.53391
1536,107.80181
1537,113.30159
1539,99.53487
1542,106.36584
1543,98.16558
1544,101.579094
1545,84.904655
1550,98.16558
1551,102.16923
1554,99.08376
1556,103.4944
1559,96.68967
1560,80.408936
1562,96.3657
1566,95.24248
1567,107.29709
1569,105.94059
1570,109.14323
1571,107.6235
1574,100.44947
1578,103.29437
1580,97.59689
1583,101.95233
1584,100.44947
1585,103.228035
1586,99.95288
1587,107.29709
1588,93.94814
1590,113.30159
1592,103.39767
1596,99.55211
1598,101.39377
1599,98.58851
1604,116.76935
1606,100.82326
1607,96.733215
1608,96.5754
1609,113.30159
1611,97.27017
1613,101.358864
1616,97.21424
1619,108.567795
1620,95.59472
1621,107.29709
1622,96.101974
1625,112.747505
1627,113.30159
1629,101.601166
1634,97.65108
1636,98.06757
1638,107.32956
1639,98.3593
1641,97.41706
1643,101.79844
1644,99.85934
1645,112.01242
1646,103.10725
1647,99.37337
1648,95.98867
1652,97.59689
1653,107.804344
1656,95.974
1658,98.58851
1659,104.46518
1661,101.39825
1663,96.733215
1664,103.228035
1665,98.58851
1666,103.4944
1667,97.34638
1668,81.1958
1669,98.35836
1670,101.79844
1672,107.29709
1674,101.15114
1677,105.403946
1678,94.998375
1679,107.804344
1680,102.542465
1683,107.29709
1686,107.997284
1687,105.624565
1689,102.72331
1690,95.95256
1691,113.30159
1692,107.804344
1693,100.44947
1695,97.77378
1696,96.909485
1697,104.70928
1700,103.4944
1701,99.54821
1702,107.29709
1703,83.98283
1704,104.30909
1706,96.530716
1707,104.232925
1708,96.52522
1710,96.41926
1711,107.29709
1713,106.337524
1717,106.52611
1719,103.29437
1720,98.58851
1722,98.457306
1725,101.04091
1726,96.52522
1727,101.23248
1729,106.852516
1730,100.25736
1731,107.76293
1733,103.4944
1734,97.77378
1735,105.624565
1738,101.358864
1742,101.574615
1745,101.15114
1747,99.54821
1749,96.769325
1751,95.98867
1752,80.08253
1753,99.4988
1754,97.26765
1755,96.733215
1756,98.25281
1758,101.95233
1759,98.58851
1760,97.86131
1761,102.17168
1762,95.70947
1763,103.08209
1764,98.221924
1766,97.52758
1768,97.28692
1769,83.548004
1771,101.927574
1772,99.092514
1773,107.29709
1774,100.17157
1775,103.24266
1777,106.52611
1779,98.58851
1780,97.17779
1787,83.98283
1788,97.8746
1790,95.98867
1796,107.29709
1801,99.072975
1803,101.6876
1807,106.52611
1809,101.70924
1812,97.566154
1813,106.65626
1814,102.17168
1815,103.19716
1816,98.20439
1818,96.993126
1820,96.733215
1821,113.12074
1822,97.805214
1825,98.01687
1826,107.29709
1828,95.98867
1831,105.94059
1836,104.81766
1837,98.06757
1841,98.06757
1844,103.39767
1848,97.6305
1851,99.53487
1852,98.22915
1853,95.24248
1854,101.66442
1856,98.982925
1859,101.70924
1860,96.769325
1861,80.876686
1863,107.29709
1865,98.06757
1866,98.5726
1867,101.79844
1868,84.22693
1872,98.06757
1879,101.771576
1880,101.754364
1882,96.289474
1885,107.29709
1887,101.593796
1888,95.95256
1890,97.79453
1894,100.85161
1895,102.90888
1896,98.13868
1897,102.17168
1900,104.00557
1901,96.68967
1902,105.357864
1905,98.59791
1906,106.447845
1912,103.4944
1915,98.578255
1916,108.53391
1917,96.86418
1918,107.80181
1920,81.19085
1923,103.27875
1924,103.68346
1925,95.98867
1930,113.30159
1932,104.46518
1933,104.36882
1934,99.700325
1935,97.19439
1940,83.548004
1941,97.82182
1942,107.660645
1943,103.59295
1944,97.28037
1945,99.11481
1948,113.30159
1949,95.445305
1952,101.032455
1954,100.44947
1955,104.70928
1958,96.733215
1959,86.354225
1960,103.08209
1963,98.0483
1965,101.5284
1968,97.60425
1969,98.22915
1971,98.73183
1972,108.24541
1973,94.998375
1975,95.24248
1977,101.95233
1978,98.20439
1979,106.31007
1981,95.24248
1982,108.34845
1987,110.89067
1988,95.24248
1993,103.24266
1997,97.8746
1999,96.769325
2001,101.358864
2002,113.12074
2003,98.59791
2004,81.32487
2006,107.46517
2007,101.91855
2009,97.86131
2010,97.482056
2013,101.55434
2018,85.74719
2022,97.98606
2024,102.83799
2025,97.694336
2026,102.350075
2030,97.09033
2031,97.805214
2032,103.4944
2033,95.98867
2035,103.57543
2036,107.46517
2037,95.699066
2040,100.346886
2043,109.1669
2044,99.75675
2046,102.79249
2054,111.458336
2055,97.694336
2056,97.17779
2059,97.40054
2060,96.68967
2062,92.68213
2063,104.65775
2066,100.85161
2067,105.624565
2072,96.24465
2073,102.17168
2074,99.84721
2075,99.35891
2076,97.13134
2080,97.20541
2082,96.68967
2085,98.28975
2087,102.72331
2091,108.76223
2092,102.78817
2093,97.17779
2098,101.358864
2101,103.08209
2102,96.993126
2103,83.548004
2105,98.5726
2106,98.99318
2107,98.448494
2110,97.98606
2114,96.057915
2115,107.46517
2117,89.95858
2118,98.6995
2119,109.28598
2120,95.98867
2122,89.80175
2123,106.52611
2126,96.49013
2127,101.593796
2128,98.06757
2129,106.526405
2132,98.60239
2135,103.29437
2138,101.95233
2139,113.30159
2141,116.878105
2142,97.20541
2146,102.11351
2151,108.34845
2157,101.53971
2159,97.27648
2162,98.99318
2164,113.30159
2167,95.974
2168,107.72355
2171,102.61159
2173,98.48874
2174,101.03499
2175,97.28692
2178,98.99318
2180,101.358864
2185,110.11969
2189,102.96922
2190,105.624565
2192,101.33051
2194,113.12074
2200,104.75542
2201,98.09065
2203,107.76293
2204,97.31
2205,107.89308
2209,109.37055
2213,107.72355
2214,97.03134
2215,103.04719
2216,98.09065
2218,97.19991
2219,107.21883
2220,100.653076
2222,97.57071
2223,105.15142
2225,103.228035
2226,96.530716
2230,100.85414
2233,108.046104
2234,106.577995
2235,97.31
2236,79.90168
2237,97.8746
2240,113.49673
2241,100.346886
2248,102.350075
2249,101.55434
2250,96.769325
2252,106.447845
2253,96.75191
2254,107.72355
2256,81.1958
2258,95.81271
2259,98.353806
2262,100.85161
2265,98.57025
2266,101.579094
2269,103.350334
2271,97.26885
2273,95.699066
2274,105.33961
2275,98.09065
2277,96.872955
2279,97.31
2280,80.408936
2282,101.358864
2283,101.44558
2288,95.45496
2289,103.204796
2291,95.98867
2292,113.30159
2297,104.32492
2298,107.29709
2299,98.38216
2300,107.72355
2301,96.32975
2304,97.694336
2305,101.49121
2306,100.85161
2308,97.39114
2309,96.769325
2311,102.17168
2312,97.61709
2316,103.4918
2321,107.29709
2322,103.58414
2325,106.447845
2326,97.6305
2329,113.30159
2330,96.872955
2331,107.29709
2332,108.046104
2333,100.85161
2334,103.4918
2335,109.1669
2337,103.53834
2338,101.336006
2340,108.046104
2342,95.974
2345,95.98287
2349,101.04708
2351,80.408936
2352,95.74457
2354,107.43521
2355,111.704506
2357,103.228035
2358,96.40681
2360,100.08316
2361,107.43521
2364,98.06757
2366,96.74905
2369,101.04091
2370,99.575905
2371,108.046104
2373,101.37445
2374,101.79844
2376,107.29709
2378,108.1676
2382,97.26885
2383,96.11799
2386,106.447845
2387,100.10243
2389,96.872955
2390,102.17931
2392,96.733215
2398,108.046104
2399,95.74457
2400,96.24465
2401,101.579094
2402,98.06757
2404,101.613594
2407,97.89436
2408,101.11862
2409,101.94785
2412,86.354225
2413,100.49699
2415,97.20541
2420,100.464035
2422,101.15516
2423,103.4918
2426,97.059654
2432,97.65361
2434,99.3838
2435,97.65361
2436,103.1339
2438,107.76293
2440,106.150085
2443,101.79844
2444,95.20222
2447,102.350075
2450,97.228264
2454,101.9167
2455,105.64536
2459,100.85161
2460,98.0483
2463,101.76456
2465,100.08316
2468,83.548004
2469,98.59791
2474,97.8746
2478,97.28692
2480,96.13457
2481,113.49673
2489,101.358864
2490,97.09033
2492,98.6995
2496,100.85161
2497,101.50828
2500,95.98867
2505,100.346886
2507,103.202194
2508,107.89308
2509,96.41926
2510,83.94773
2513,95.24248
2515,101.358864
2518,96.11799
2519,107.804344
2520,96.11799
2521,104.123856
2523,101.95233
2525,99.07148
2529,107.89308
2530,98.59791
2533,101.77912
2535,95.43437
2538,98.07493
2544,101.53054
2553,110.89067
2556,97.20541
2558,91.917305
2559,116.76935
2560,97.745995
2561,106.852516
2562,95.98867
2563,108.53391
2564,97.17629
2565,108.046104
2567,101.47203
2572,96.49013
2575,95.98867
2576,107.804344
2577,97.20541
2578,98.99318
2579,103.93137
2580,97.32307
2582,105.268776
2583,95.403046
2587,97.8746
2589,109.209274
2590,97.28448
2591,107.89308
2594,97.04303
2597,101.04708
2598,103.4944
2599,97.694336
2600,100.762085
2602,110.2896
2603,96.49013
2604,97.34143
2606,101.13504
2607,79.90168
2608,96.24465
2613,107.89308
2614,98.314476
2615,107.46517
2617,106.96045
2620,100.150986
2623,108.186874
2624,96.828896
2627,107.89308
2629,79.90168
2630,97.37768
2632,100.89718
2636,95.63499
2639,107.39967
2640,108.30907
2642,107.89308
2644,103.4944
2646,99.17403
2647,94.95146
2649,97.448494
2650,102.94108
2652,103.4944
2653,97.15441
2655,104.99922
2657,108.046104
2659,104.46518
2662,96.11799
2663,113.49673
2664,103.350334
2665,103.68727
2670,97.805214
2671,111.57624
2672,96.20673
2675,103.4944
2677,99.700325
2679,101.16155
2683,105.59942
2684,98.00892
2685,101.70375
2688,108.30907
2689,103.15501
2690,104.01518
2693,104.056274
2694,103.68342
2697,105.97815
2699,95.98867
2703,96.63836
2705,107.29709
2709,83.54676
2710,100.637245
2711,103.24266
2712,99.1299
2713,100.346886
2714,101.70924
2715,98.25281
2717,95.45496
2718,110.057724
2720,108.567795
2721,97.98606
2726,98.59791
2728,96.132286
2731,101.04091
2732,104.70928
2734,96.40681
2736,103.4944
2737,99.575905
2738,103.39767
2739,97.69941
2746,97.444016
2749,101.33051
2751,112.01242
2752,105.45581
2753,97.6629
2757,97.86131
2758,95.98867
2759,108.186874
2760,98.078636
2762,105.64536
2764,96.86418
2765,108.10536
2769,105.58479
2771,101.7321
2774,97.42374
2776,99.575905
2777,97.40543
2778,96.68967
2779,105.876335
2782,94.62748
2784,97.98606
2787,100.08316
2789,96.733215
2792,101.04708
2798,96.13457
2799,101.9167
2800,97.805214
2801,83.160995
2802,94.13234
2804,97.41706
2807,102.350075
2808,100.85414
2809,100.72776
2811,113.30159
2812,97.57864
2814,93.65854
2816,97.98606
2817,105.83052
2818,100.12999
2820,101.579094
2821,88.32142
2822,97.71467
2823,107.29709
2824,97.98606
2826,98.66101
2829,96.68967
2834,95.92113
2835,87.30537
2838,100.08316
2839,104.20203
2840,95.170784
2841,101.601166
2842,100.85161
2846,106.09886
2848,104.66639
2849,97.173965
2850,101.70924
2851,98.99318
2853,97.17153
2854,107.89308
2858,105.77603
2861,103.83984
2864,98.6995
2865,113.49673
2866,106.60943
2867,95.84056
2868,107.804344
2870,106.447845
2877,98.078636
2878,107.89308
2880,107.80181
2882,80.408936
2883,96.530716
2884,108.12822
2885,96.375374
2887,101.358864
2888,106.17785
2889,96.49013
2890,103.4944
2891,102.17168
2892,113.30159
2893,96.909485
2898,101.95233
2899,99.84007
2900,106.4809
2901,97.013275
2909,100.4576
2910,108.74864
2911,101.03499
2913,96.227165
2914,105.986984
2918,103.11659
2919,106.31007
2920,96.41926
2921,107.89308
2922,97.101974
2923,100.189514
2925,98.42918
2926,97.32307
2927,107.89308
2929,107.29709
2933,94.39741
2934,105.18397
2936,99.53563
2941,97.82448
2942,101.003555
2943,105.33961
2945,106.07772
2950,92.94206
2951,106.34526
2953,107.76293
2954,101.95233
2955,108.10054
2956,98.06757
2960,97.544785
2962,95.7299
2963,99.00013
2964,103.4944
2966,80.408936
2967,94.95146
2968,99.88066
2969,95.24248
2971,95.43437
2972,104.32492
2974,99.84007
2975,101.70924
2977,112.01242
2980,104.50108
2981,95.34539
2983,103.68794
2984,99.35891
2985,113.30159
2986,97.34143
2987,104.32492
2989,96.11077
2990,106.852516
2991,100.37048
2992,83.548004
2995,105.97815
2996,97.98908
3002,107.22956
3004,105.00548
3005,113.30159
3006,95.98867
3010,96.7738
3011,103.39767
3014,97.32307
3015,99.575905
3016,98.58851
3017,100.019264
3018,95.445305
3021,103.39767
3024,103.4944
3028,97.19991
3030,96.68967
3032,97.694336
3039,98.13868
3040,102.75758
3041,99.11481
3043,96.31968
3044,106.52611
3046,101.50828
3055,97.23621
3056,106.121735
3058,95.24248
3059,109.04484
3061,113.30159
3063,101.593796
3066,101.55434
3067,103.4944
3068,80.408936
3069,97.98606
3072,113.30159
3073,107.80181
3074,100.05173
3077,97.83206
3082,101.70924
3084,105.97815
3085,102.16923
3088,103.4944
3091,97.585
3092,109.23411
3093,97.70565
3094,101.04091
3096,99.700325
3097,100.25736
3098,80.70066
3102,113.30159
3106,96.01459
3109,101.822235
3111,98.76006
3112,113.30159
3113,97.98606
3115,96.24465
3116,104.08886
3117,101.20166
3121,105.97815
3122,100.24738
3123,95.98867
3124,97.09033
3125,98.58851
3126,102.14351
3127,113.30159
3129,96.32975
3130,107.804344
3132,99.28591
3134,100.904
3135,98.308235
3137,80.37048
3138,98.57365
3140,104.43168
3144,103.68342
3145,99.73215
3146,107.46517
3147,97.98606
3148,108.50454
3149,107.47333
3150,108.53391
3151,103.08823
3152,101.55434
3155,101.60633
3156,101.70924
3159,95.24248
3161,104.66639
3162,107.47333
3163,96.34987
3165,103.202194
3172,90.04585
3173,101.39825
3176,98.508
3177,101.754364
3179,101.70924
3183,101.04708
3186,95.98867
3187,102.8897
3189,102.708855
3190,96.16372
3192,113.30159
3193,90.04585
3194,108.12822
3197,98.58851
3198,97.6629
3200,99.097435
3201,113.30159
3202,97.6629
3204,100.346886
3205,95.699066
3206,103.68342
3208,106.15824
3210,102.94108
3211,101.79844
3212,113.30159
3213,97.8746
3214,103.08209
3216,103.4944
3219,95.82503
3220,108.93858
3221,97.98606
3226,107.76293
3227,102.17168
3228,100.637245
3229,97.83967
3232,83.548004
3233,97.84031
3234,97.98606
3236,100.346886
3238,107.89308
3239,102.72331
3240,101.74564
3247,106.60559
3249,101.49121
3252,102.8548
3253,100.85161
3254,102.350075
3255,103.350334
3256,102.82876
3257,95.871994
3262,100.52773
3263,103.4944
3264,98.06757
3266,109.47821
3267,103.23906
3269,101.358864
3272,113.30159
3274,98.58851
3275,103.31355
3277,101.95233
3279,99.57711
3280,108.30907
3283,98.20439
3285,101.358864
3287,99.00258
3288,103.4944
3290,98.487915
3291,97.8746
3298,107.76293
3299,98.06757
3302,101.77912
3303,101.91855
3304,97.84366
3307,97.444016
3309,100.86325
3314,80.408936
3316,108.74864
3317,97.903564
3319,99.29291
3320,105.59942
3321,96.769325
3322,102.388916
3324,95.82503
3326,102.49925
3329,101.003555
3330,97.17629
3331,107.46517
3335,113.30159
3337,102.16923
3338,101.50828
3339,100.863434
3340,102.350075
3341,98.94905
3343,97.694336
3346,97.32307
3348,96.41926
3351,103.4944
3352,113.30159
3355,83.98283
3356,105.16311
3358,100.41567
3359,98.22915
3360,98.49532
3371,98.00892
3372,97.694336
3374,99.88066
3377,103.81434
3378,96.91031
3380,106.52611
3382,104.47092
3386,98.06757
3389,98.564354
3391,109.038635
3393,97.28448
3394,107.32956
3395,96.86418
3397,107.89308
3398,98.59271
3399,84.11151
3400,96.41926
3404,107.29709
3407,108.53391
3409,102.54006
3419,101.95233
3421,103.11659
3425,96.49013
3427,85.41191
3428,113.30159
3429,110.11969
3431,100.24738
3435,96.993126
3436,101.70924
3439,96.59296
3441,102.708855
3442,113.30159
3443,100.52773
3444,103.68727
3445,96.49013
3446,101.73974
3449,96.68967
3453,97.98057
3457,97.805214
3460,103.29437
3461,101.336006
3462,96.909485
3464,101.593796
3465,80.408936
3466,96.41926
3467,101.49121
3468,103.350334
3469,101.579094
3470,97.98057
3472,107.89308
3473,98.077705
3475,97.6629
3476,107.76293
3478,107.80181
3479,103.68304
3483,97.8746
3484,106.52611
3485,98.308235
3487,98.06757
3488,107.924515
3496,106.36584
3497,101.39825
3499,97.26885
3500,80.08253
3501,95.98867
3504,95.99315
3508,97.17779
3511,101.29118
3512,105.816956
3515,96.216286
3517,96.49013
3518,97.47848
3526,105.58479
3528,108.046104
3529,100.52773
3530,105.40703
3531,96.22596
3532,103.2503
3533,95.95256
3534,97.98606
3535,80.408936
3536,98.95149
3537,110.89067
3538,97.8746
3539,100.637245
3540,104.47177
3545,109.42651
3546,94.998375
3550,106.21426
3551,98.3593
3553,97.805214
3554,103.29437
3557,97.8746
3558,104.89922
3559,96.68967
3561,97.8746
3562,107.89308
3563,99.35891
3564,103.4944
3565,96.49013
3567,101.74564
3571,103.4944
3572,100.346886
3574,102.849266
3576,98.06757
3577,110.11969
3578,95.98867
3579,98.06757
3583,97.805214
3585,101.53866
3586,107.519844
3587,107.29709
3593,97.51349
3594,108.30907
3595,98.13868
3599,96.72354
3600,102.8548
3601,107.89308
3602,96.68967
3604,99.092514
3609,113.30159
3610,105.77603
3612,107.76293
3614,101.39825
3615,96.289474
3617,99.07239
3618,107.46517
3619,108.53391
3620,110.89067
3621,98.06757
3625,97.45421
3626,101.28501
3630,103.64177
3631,101.336006
3632,97.98606
3633,95.75006
3634,107.46517
3637,98.7242
3639,98.448494
3640,103.24266
3641,97.20541
3644,105.16311
3645,97.57864
3646,96.22596
3647,97.8746
3648,107.89308
3653,107.804344
3654,96.24465
3655,106.18947
3659,101.44558
3660,102.16923
3662,101.37046
3666,98.59271
3668,98.70495
3671,99.90688
3673,99.575905
3674,100.47982
3675,96.40681
3681,97.725525
3682,107.530594
3686,103.08209
3687,99.67849
3692,84.728386
3695,107.46517
3696,102.362434
3699,107.76293
3705,106.93965
3707,83.548004
3708,95.98867
3709,107.530594
3710,96.289474
3712,101.29118
3715,107.80181
3716,97.28692
3720,99.3543
3722,83.548004
3726,96.41926
3728,103.07434
3729,109.1669
3731,102.94108
3735,105.55392
3736,97.2371
3739,103.202194
3741,110.89067
3743,109.038635
3744,95.98867
3745,107.80181
3746,103.4918
3751,96.16372
3753,97.20541
3760,106.36584
3761,96.40681
3762,101.41415
3763,99.575905
3765,96.733215
3768,104.46643
3769,98.06757
3770,98.20439
3773,108.12822
3774,98.06757
3776,98.0483
3778,99.4354
3779,99.700325
3780,98.065926
3781,97.823685
3782,102.17168
3783,107.89308
3784,97.78998
3786,96.41926
3789,101.7321
3790,97.504196
3793,106.38142
3795,107.80181
3797,102.46475
3798,113.30159
3800,101.70924
3804,98.06757
3810,96.057915
3815,107.804344
3816,98.06757
3818,103.202194
3824,107.89308
3828,102.350075
3830,109.038635
3831,101.00941
3832,80.08253
3834,107.29709
3835,96.41926
3836,101.70924
3838,101.358864
3839,113.30159
3840,106.670845
3845,96.733215
3846,104.46518
3847,96.49013
3849,80.408936
3853,107.46517
3855,97.17779
3856,100.346886
3864,85.02249
3865,96.175156
3866,106.96045
3867,97.04303
3868,101.70924
3869,97.694336
3871,96.75249
3875,103.05027
3876,100.248405
3878,97.20541
3879,107.29709
3881,101.70924
3883,100.11927
3884,101.37051
3886,104.1699
3890,99.52799
3893,99.61907
3897,102.18261
3901,100.993576
3902,103.08209
3913,97.60458
3914,96.41926
3916,92.402435
3917,107.997284
3924,99.03014
3925,100.75049
3928,97.544785
3929,108.53391
3932,96.732834
3933,103.29437
3934,85.061874
3935,97.37524
3936,98.58851
3937,104.46518
3938,96.13341
3939,101.70924
3943,97.8746
3944,107.89308
3945,107.530594
3946,99.29047
3947,102.83799
3948,95.72244
3949,107.89308
3950,97.98606
3951,101.81882
3952,96.909485
3953,98.22915
3961,113.12074
3962,99.575905
3966,97.98606
3967,107.72355
3968,100.4576
3969,107.37104
3970,97.464325
3971,97.86131
3973,100.190216
3974,107.89308
3975,107.46517
3977,95.974
3979,105.08007
3985,101.53971
3986,106.52611
3988,101.95233
3991,99.575905
3992,101.579094
3993,103.08209
3994,96.24465
3995,116.473434
4005,101.95233
4007,97.6629
4008,110.197495
4009,98.98135
4010,100.82374
4011,85.74719
4012,98.22915
4013,99.53487
4015,101.91295
4016,102.8548
4018,101.70924
4025,98.58851
4026,101.70924
4028,102.99597
4029,98.7511
4031,99.66328
4032,108.30907
4033,100.399025
4034,107.29709
4037,97.42586
4038,100.58432
4039,98.58851
4041,97.694336
4042,101.94785
4043,104.121315
4044,103.29437
4045,97.6305
4046,107.519844
4047,95.974
4048,96.93324
4049,97.5762
4051,96.227165
4052,107.89308
4058,103.29437
4062,109.47821
4064,106.69509
4067,97.6629
4068,80.408936
4070,101.29118
4072,113.30159
4074,110.261154
4075,97.448494
4076,108.74864
4077,98.353806
4078,98.60239
4080,103.29437
4082,98.366035
4085,96.670975
4086,100.447105
4088,101.70924
4089,98.60239
4092,80.408936
4094,96.07823
4095,105.59942
4096,97.83053
4097,108.53391
4102,96.31968
4105,103.97476
4107,103.93137
4111,101.40569
4112,104.99922
4113,96.41926
4114,106.28149
4115,96.24465
4116,105.64454
4117,96.993126
4118,97.694336
4119,106.36584
4120,97.66784
4122,82.47876
4125,96.01459
4126,107.46517
4129,107.29709
4134,99.700325
4137,97.20541
4141,99.574455
4142,99.264786
4144,101.032455
4145,99.03014
4146,109.36256
4150,97.6629
4151,80.37048
4154,97.6629
4156,96.22596
4157,101.95233
4159,102.8548
4160,96.16372
4161,99.700325
4168,96.769325
4171,107.29709
4172,98.70702
4173,98.7511
4175,97.444016
4176,103.29437
4177,101.032455
4178,102.8897
4179,101.336006
4181,104.056274
4183,98.7511
4184,104.82764
4185,96.31346
4186,108.53391
4188,106.370316
4190,108.53391
4192,96.49013
4193,98.62934
4194,107.89308
4195,102.68559
4196,80.08253
4202,98.06757
4203,104.32692
4208,95.75006
4209,108.71476
4210,95.67356
4211,101.50828
4212,113.30159
4214,107.80181
4215,97.98606
4216,101.50828
4217,95.445305
4219,96.41926
4222,104.46518
4224,82.61369
4231,107.80181
4232,98.7511
4234,95.67356
4236,101.032455
4237,103.29437
4240,101.336006
4242,98.578255
4243,96.41926
4247,96.01459
4248,109.735794
4249,107.904396
4254,103.39767
4263,97.694336
4265,107.46517
4267,104.36774
4268,107.76293
4271,103.228035
4272,98.06757
4273,106.52611
4274,92.94206
4276,100.993576
4278,98.57025
4280,96.530716
4281,107.804344
4283,98.122086
4284,103.24266
4285,102.17168
4286,107.76293
4287,103.39767
4288,116.65428
4289,95.30799
4290,90.733635
4293,99.575905
4296,109.21948
4297,96.41926
4299,96.870514
4303,99.99231
4310,100.653076
4312,107.29709
4318,103.29437
4320,98.750916
4322,103.29744
4323,111.590866
4325,107.80181
4326,107.29709
4328,107.76293
4330,107.80181
4332,108.53391
4333,100.26401
4335,96.699745
4336,102.350075
4338,98.5726
4341,100.85161
4342,98.22915
4344,103.29437
4347,101.336006
4348,103.29437
4351,109.42651
4352,98.06757
4353,96.530716
4355,103.202194
4356,96.670975
4359,103.64177
4360,103.68794
4361,98.05575
4364,97.448494
4365,101.579094
4368,98.308235
4372,95.98867
4374,99.48638
4376,96.175156
4377,107.76293
4380,96.769325
4383,99.3356
4384,98.57025
4385,94.39741
4389,102.790184
4391,96.289474
4392,104.41299
4393,96.32975
4395,97.448494
4396,107.89308
4398,108.10536
4399,103.42351
4401,95.24248
4406,98.78959
4408,107.80181
4412,103.29437
4415,101.79844
4418,105.18397
4419,99.48638
4420,80.904076
4422,107.89308
4423,99.48638
4425,102.16923
4428,97.70843
4431,99.94443
4434,97.57071
4436,98.7511
4437,109.038635
4439,113.30159
4440,97.78235
4441,106.155464
4444,100.653076
4445,107.80181
4446,97.694336
4447,104.41968
4452,107.21883
4456,105.58479
4457,96.670975
4458,101.33051
4460,96.670975
4461,113.30159
4462,96.16372
4465,98.96009
4466,97.8746
4468,101.01607
4469,106.447845
4472,104.348
4475,99.575905
4478,98.308304
4479,106.52708
4480,97.98606
4483,87.06228
4484,97.444016
4485,107.29709
4486,97.464325
4488,98.3593
4489,107.84074
4490,96.769325
4491,101.33507
4492,100.52773
4493,102.6169
4494,96.993126
4495,101.33051
4498,80.37048
4499,96.52522
4500,103.39767
4503,107.997284
4505,98.18911
4506,104.82151
4507,98.0483
4508,103.29437
4510,107.29709
4511,94.998375
4513,98.24498
4516,80.70066
4519,96.41926
4521,104.06051
4531,95.75006
4532,80.70066
4533,108.34845
4534,104.28433
4536,103.29437
4537,96.670975
4539,102.46475
4542,103.68727
4545,100.346886
4549,100.25736
4551,98.06757
4554,107.80181
4556,100.950516
4559,105.59942
4561,108.53391
4562,102.8548
4566,107.104256
4569,97.8746
4570,107.89308
4573,97.98606
4574,97.94602
4575,101.79844
4577,97.694336
4578,104.46518
4580,102.8548
4582,97.37524
4583,107.89308
4585,98.578255
4587,103.29437
4595,96.72354
4596,105.08007
4601,99.097435
4602,108.30907
4603,95.98867
4605,101.84527
4606,96.275566
4607,106.14272
4608,96.88263
4610,96.76413
4613,106.447845
4617,101.032455
4618,104.70928
4619,96.21638
4620,96.40597
4622,98.63749
4625,96.670975
4626,103.29437
4627,96.769325
4629,89.24181
4631,95.45496
4633,103.29437
4634,106.36584
4635,97.28692
4639,97.6342
4640,106.77365
4642,107.80181
4644,97.448494
4646,103.29437
4647,98.5358
4648,80.70066
4649,97.8746
4650,102.72331
4655,100.25736
4660,96.91406
4661,108.4786
4662,98.15968
4663,108.53391
4665,98.59791
4666,109.038635
4667,107.80181
4668,96.41926
4670,96.909485
4671,98.18609
4672,97.28448
4673,107.29709
4675,107.29709
4676,104.28431
4677,107.804344
4680,96.530716
4682,97.98606
4683,105.27635
4685,103.29437
4686,98.37786
4688,107.89308
4690,98.564354
4692,102.8548
4693,101.04708
4697,100.25736
4700,101.579094
4702,102.350075
4707,113.30159
4708,96.670975
4710,90.60751
4716,99.37337
4717,96.530716
4718,96.993126
4720,96.530716
4721,84.97524
4723,99.88066
4726,107.804344
4727,92.16141
4729,97.28692
4731,98.0977
4732,107.76293
4735,108.34397
4736,107.29709
4737,95.98867
4738,105.520454
4739,104.70928
4744,107.29709
4747,96.993126
4749,100.317665
4750,96.670975
4752,107.89308
4755,100.653076
4756,109.414955
4757,107.29709
4758,97.059654
4759,103.64177
4763,96.530716
4764,101.53971
4765,98.03863
4766,100.232574
4767,102.16923
4769,103.04719
4770,96.530716
4771,82.97474
4772,103.29437
4774,107.89308
4776,103.673744
4777,103.24266
4778,101.336006
4780,96.40681
4784,96.40681
4786,98.308235
4787,80.408936
4788,99.11481
4789,107.89308
4791,102.350075
4792,96.72354
4795,102.8548
4796,96.13341
4803,96.88263
4805,96.530716
4807,97.98606
4809,100.52773
4816,97.8746
4817,84.12858
4818,95.24248
4820,97.482056
4821,103.64177
4823,107.29709
4824,98.20439
4825,106.81479
4829,97.15441
4830,98.06757
4831,108.74864
4833,97.20541
4836,96.41926
4837,107.89308
4838,100.25736
4840,97.66784
4841,80.70066
4842,96.45372
4843,106.36584
4844,101.289055
4849,107.94378
4851,97.909805
4852,97.26765
4858,100.34071
4860,98.06757
4863,108.71476
4864,96.530716
4865,110.11969
4867,97.63717
4868,97.8749
4869,107.76293
4873,99.48638
4875,101.927574
4876,99.700325
4877,100.44947
4878,107.43521
4880,80.408936
4886,106.9978
4888,106.52611
4889,96.41926
4890,102.74057
4893,103.350334
4895,101.22738
4896,103.2503
4899,95.91665
4901,107.39967
4902,108.34845
4903,98.59791
4904,107.89308
4910,96.13341
4912,96.733215
4915,99.43057
4916,104.99922
4917,101.79844
4920,103.29437
4927,107.29709
4928,97.444016
4931,107.29709
4934,99.575905
4936,97.51349
4939,102.60693
4942,108.30907
4943,98.06757
4944,103.34575
4945,100.85414
4947,106.769684
4948,97.51349
4951,97.98606
4952,107.89308
4953,95.81271
4956,98.59791
4957,105.84352
4958,104.348
4960,96.159325
4968,95.62615
4969,104.348
4971,108.74903
4973,107.89308
4975,104.65585
4976,97.6305
4978,100.52773
4979,100.72434
4982,96.16372
4983,100.90097
4984,101.358864
4985,113.30159
4986,97.98033
4987,113.30159
4988,100.653076
4994,98.57763
4995,98.06757
5002,82.439926
5004,95.95256
5005,101.08654
5006,101.032455
5007,100.627785
5009,102.17168
5011,107.89308
5014,101.95233
5015,104.487724
5018,101.22793
5019,102.8548
5020,99.575905
5021,101.22793
5022,95.89032
5023,101.42032
5025,98.06757
5032,102.17168
5034,96.13341
5036,95.70947
5038,96.40681
5039,107.81557
5046,98.317726
5049,102.8548
5051,97.7966
5052,95.84056
5053,107.89308
5054,98.06757
5055,95.98867
5057,96.670975
5059,100.865555
5062,101.70924
5063,105.403946
5065,107.13204
5069,96.670975
5071,98.04951
5074,102.17168
5075,97.32307
5076,108.97451
5077,80.408936
5079,104.487724
5080,100.90097
5081,107.60136
5083,106.12144
5088,102.350075
5089,100.08316
5093,101.40569
5094,101.593796
5095,100.08316
5099,107.924515
5101,107.29709
5103,100.82326
5104,99.575905
5105,103.58469
5107,97.59689
5108,102.72331
5109,101.55434
5111,100.346886
5112,104.70928
5113,101.358864
5114,97.09733
5115,96.16372
5118,101.79844
5122,98.06757
5123,80.08253
5125,97.694336
5127,100.82326
5128,100.10243
5129,113.011986
5132,101.032455
5134,97.60458
5135,97.98606
5137,104.28433
5142,96.69266
5143,105.94059
5144,96.73325
5148,100.52773
5149,95.70947
5150,99.03014
5154,80.408936
5155,99.88066
5159,96.733215
5164,100.08316
5165,105.780266
5166,103.89647
5167,99.55495
5169,96.13457
5171,94.30789
5172,107.29709
5176,100.10243
5184,98.20895
5185,95.82454
5186,98.3593
5188,99.077324
5189,99.700325
5190,101.18966
5191,105.780266
5193,107.29709
5196,95.98867
5199,83.50833
5200,106.52611
5203,97.173965
5204,103.08209
5205,100.67411
5207,100.52773
5208,100.57929
5212,101.39825
5214,101.358864
5218,101.04708
5220,103.29744
5222,96.23562
5224,95.96839
5225,103.29437
5227,107.4109
5229,103.05027
5232,95.45496
5233,113.30159
5234,99.32567
5237,107.89308
5239,108.10536
5240,95.7299
5241,102.8548
5244,99.575905
5248,107.39967
5251,95.31777
5253,96.670975
5255,101.29118
5256,97.95463
5257,97.77743
5259,95.96839
5260,106.852516
5266,96.289474
5268,98.09065
5275,107.60136
5276,101.927574
5277,102.28092
5279,101.79844
5280,103.05027
5281,96.86418
5283,104.46369
5284,83.548004
5285,98.06757
5286,107.21629
5287,99.53976
5289,96.41926
5290,107.29709
5292,107.60136
5293,100.90097
5294,107.411766
5297,95.445305
5299,104.46516
5302,97.98606
5305,83.30492
5306,102.78817
5308,97.6305
5309,97.93064
5310,115.56302
5312,107.29709
5316,102.17168
5317,97.470566
5319,80.37425
5320,98.06757
5323,101.79844
5329,96.530716
5331,107.43521
5334,101.927574
5336,107.80181
5338,102.8548
5341,102.41045
5345,97.805214
5348,98.09065
5349,108.50454
5355,96.90439
5356,98.60239
5360,108.53391
5362,101.91295
5364,102.350075
5366,96.406845
5367,98.61345
5368,99.84007
5370,97.60885
5371,80.904076
5373,105.94059
5375,107.89308
5376,98.47046
5378,102.350075
5379,101.39825
5383,100.85414
5384,100.189514
5389,106.150085
5391,80.408936
5393,109.23411
5395,103.19716
5397,108.71476
5398,97.8746
5399,105.84352
5401,113.30159
5402,97.95463
5403,104.89922
5404,97.470566
5407,80.08253
5408,94.923325
5413,100.611305
5414,101.39825
5417,95.98867
5418,107.60136
5420,108.186874
5421,95.68568
5424,101.358864
5425,103.08209
5426,103.68304
5429,102.17168
5431,101.55434
5437,103.39767
5440,97.140114
5444,107.80181
5446,105.86048
5447,99.87809
5451,96.88263
5452,107.804344
5455,99.32567
5456,96.49013
5458,95.95256
5459,97.173996
5460,98.0483
5462,96.769325
5463,103.89647
5464,96.11994
5465,106.36584
5466,98.24498
5467,107.29709
5468,103.05027
5469,108.53391
5472,97.51349
5474,100.08316
5475,109.99999
5476,98.7511
5479,103.05027
5480,107.89308
5482,104.83693
5485,96.530716
5486,113.30159
5488,82.47876
5495,103.05027
5496,101.39825
5497,106.36584
5499,106.526405
5503,97.40054
5504,99.75675
5507,98.7511
5509,101.79844
5511,98.11439
5512,106.852516
5516,107.89308
5517,96.7738
5518,101.593796
5521,97.68504
5522,103.05027
5527,98.24498
5528,98.38216
5529,99.700325
5532,102.350075
5533,97.79337
5535,98.739746
5536,101.91295
5540,95.974
5547,98.7511
5548,105.40703
5550,80.408936
5551,97.444016
5554,103.24266
5555,97.8746
5559,105.375595
5560,95.46674
5561,108.53391
5562,100.762085
5563,108.186874
5565,85.99028
5566,98.3593
5567,107.29709
5568,97.30376
5572,96.52522
5574,102.16923
5576,103.4918
5579,107.660645
5580,83.38993
5581,96.32975
5583,96.828896
5584,103.755005
5586,108.10536
5587,97.37524
5589,103.39767
5591,104.80851
5592,98.515
5593,103.99762
5594,101.91295
5595,86.3184
5596,107.89308
5597,99.3543
5598,112.86822
5599,101.03499
5602,109.414955
5603,101.91295
5605,97.28037
5607,96.07823
5608,101.39825
5609,97.8746
5610,96.24465
5612,98.84658
5613,99.700325
5614,95.62615
5616,99.75675
5621,96.41926
5623,101.336006
5628,113.677574
5629,96.670975
5631,109.735794
5633,97.039635
5638,101.593796
5639,102.16923
5640,97.46357
5645,100.232574
5646,80.70066
5649,99.092514
5653,99.70436
5655,105.780266
5656,97.694336
5658,97.68504
5662,113.30159
5663,96.32975
5667,97.20875
5670,101.03499
5671,103.39767
5672,101.39825
5673,103.64177
5674,100.993576
5675,100.4326
5676,101.032455
5679,107.89308
5683,106.36584
5687,101.408226
5688,80.408936
5690,104.64396
5691,108.71476
5692,97.681015
5693,102.36733
5694,96.769325
5697,107.46517
5698,94.53712
5699,107.89308
5704,98.7511
5707,107.89308
5709,101.26739
5710,97.805214
5714,97.745995
5718,102.16923
5721,97.51349
5723,96.16372
5724,107.13204
5725,96.670975
5726,99.06876
5729,98.7511
5730,101.08654
5731,98.7511
5733,80.408936
5736,97.8746
5741,97.86293
5745,105.40703
5747,102.86942
5748,101.53971
5750,104.89922
5751,105.954025
5752,96.49013
5754,97.444016
5755,96.530716
5757,100.07356
5758,111.57905
5760,105.00236
5762,103.68727
5766,101.50828
5768,98.06757
5769,113.30159
5770,97.66612
5771,107.29709
5772,95.078835
5773,103.692764
5774,97.8746
5776,91.917305
5777,107.89308
5778,97.6629
5780,107.81557
5782,97.785095
5783,80.408936
5784,98.06757
5786,98.919334
5788,96.91322
5789,96.7738
5790,100.26401
5791,103.05027
5793,98.09065
5794,98.58851
5796,113.30159
5797,102.26928
5801,97.46993
5803,101.408226
5804,103.19968
5805,98.84658
5806,80.70066
5808,103.05027
5813,98.06757
5815,96.524055
5816,97.35892
5822,97.094246
5823,107.89308
5825,107.80181
5827,104.12824
5829,103.39767
5830,103.755005
5831,100.706276
5832,96.16372
5833,103.05027
5837,113.677574
5838,97.8746
5839,96.530716
5842,97.46357
5844,110.30054
5845,99.578354
5846,110.07732
5848,80.408936
5850,104.30012
5851,95.77903
5853,98.06757
5854,107.29709
5858,97.46357
5860,105.11434
5864,100.845436
5866,101.408226
5867,107.89308
5868,97.46993
5869,108.71476
5870,95.72244
5871,98.60239
5874,105.780266
5876,106.14926
5877,95.24248
5878,96.40681
5879,102.8548
5880,101.52929
5884,98.515
5886,103.08209
5890,107.39967
5896,101.53971
5897,103.39767
5898,98.06757
5901,101.07196
5903,107.89308
5906,96.24465
5908,107.89308
5909,95.30799
5910,99.700325
5911,97.6342
5912,102.350075
5914,105.780266
5919,107.89308
5924,96.40681
5926,97.51349
5929,107.80181
5930,100.63032
5932,96.530716
5933,105.84352
5934,97.28692
5935,108.12822
5936,98.15833
5937,107.80181
5938,99.64603
5939,101.13504
5942,98.219475
5943,97.51349
5944,97.12915
5946,107.89308
5951,97.17629
5953,101.04091
5954,98.06757
5957,101.593796
5961,101.39825
5962,99.71571
5964,80.37048
5965,99.54821
5968,105.780266
5969,102.17515
5974,96.24465
5975,97.63717
5978,80.70066
5981,101.593796
5982,97.68504
5983,99.70884
5989,107.76293
5991,97.40054
5992,97.86293
5995,103.06183
5996,103.39767
5997,105.098114
5998,94.95146
5999,82.47973
6001,105.715454
6002,99.75675
6003,97.785095
6004,98.06757
6006,102.350075
6007,98.22915
6011,103.36031
6012,108.02158
6014,97.6342
6015,102.745605
6016,97.289085
6017,105.22618
6018,98.06757
6024,101.032455
6025,102.8548
6026,107.13204
6028,102.17168
6029,80.08253
6030,102.06817
6036,105.780266
6040,98.22467
6041,107.804344
6042,97.42374
6044,97.66612
6045,103.05027
6047,102.8548
6048,101.76456
6049,98.122086
6051,113.30159
6052,98.692444
6053,95.699066
6054,108.34845
6058,97.98606
6059,101.39825
6062,98.06757
6063,113.30159
6064,101.08654
6065,98.22467
6067,98.75848
6068,107.80181
6070,103.39767
6071,104.95434
6072,103.08209
6080,103.08209
6081,101.76456
6084,99.71571
6087,96.530716
6089,101.593796
6092,103.08209
6094,97.28037
6095,107.89308
6097,106.93965
6100,101.42032
6104,107.94378
6105,97.19991
6106,101.22793
6107,84.08557
6108,100.70397
6109,103.08209
6110,97.40054
6114,103.08209
6116,96.11994
6117,97.6629
6118,97.694336
6123,80.408936
6125,107.89308
6128,103.00875
6130,100.845436
6132,100.14582
6137,80.408936
6139,105.84352
6140,97.470566
6141,106.93965
6142,107.46517
6144,101.79844
6145,97.544785
6146,103.692764
6149,96.60591
6156,99.35891
6159,106.438866
6160,97.470566
6162,107.29709
6164,100.89473
6165,97.11094
6168,80.408936
6169,103.05027
6170,100.93893
6171,105.59942
6172,96.69782
6173,107.660645
6176,98.7511
6177,97.28037
6178,98.91167
6180,101.22793
6181,103.05027
6182,96.31968
6185,98.515
6186,108.71476
6188,106.52611
6189,98.60239
6192,99.71571
6193,97.805214
6194,103.05027
6195,95.82618
6196,113.30159
6197,98.32573
6201,111.07152
6202,96.24465
6203,101.39825
6204,97.19991
6207,113.30159
6209,96.16372
6210,103.202194
6211,107.997284
6213,109.21948
6216,96.69782
6217,95.44651
6219,98.84658
6222,80.08253
6223,100.26401
6235,98.7511
6240,97.17397
6242,96.7738
6247,100.993576
6251,106.03414
6254,105.77603
6255,95.75006
6260,102.94108
6261,98.7511
6262,98.578255
6264,109.414955
6269,107.654175
6271,96.55952
6275,106.36584
6276,97.51326
6278,102.542465
6279,105.40703
6281,110.2896
6284,102.21147
6286,96.5042
6287,80.08253
6288,97.98606
6292,100.72012
6293,97.444016
6295,102.64252
6298,102.350075
6300,106.36584
6304,103.05027
6308,102.8548
6310,96.73442
6312,103.08209
6320,98.7511
6324,96.41044
6325,103.24266
6330,98.308235
6336,105.098114
6340,96.90439
6341,98.7511
6342,101.30457
6344,100.637245
6345,100.07914
6347,105.40703
6348,96.40681
6349,102.350075
6351,80.408936
6353,108.34845
6354,97.444016
6357,95.89032
6358,99.092514
6360,101.33051
6363,113.677574
6364,94.998375
6368,106.35139
6370,100.52773
6371,98.7511
6377,101.10634
6379,101.336006
6381,95.99315
6382,80.408936
6383,105.40703
6388,108.1676
6390,107.76293
6392,103.39767
6393,103.755005
6395,98.20315
6398,101.593796
6401,80.70066
6402,103.278786
6403,99.700325
6405,98.51812
6406,95.24248
6407,108.07393
6409,103.05027
6411,96.40681
6413,98.37786
6416,101.41752
6417,105.098114
6418,95.72244
6419,113.30159
6420,106.526405
6426,102.99597
6429,101.66442
6430,98.0483
6431,99.700325
6432,96.16372
6434,102.86942
6437,105.780266
6438,97.694336
6439,101.49121
6440,97.805214
6441,96.72354
6442,103.08209
6443,102.26928
6445,102.86942
6448,108.07393
6450,105.715454
6453,97.63717
6455,100.05689
6457,96.24465
6458,98.22915
6461,96.769325
6464,107.804344
6467,101.76456
6469,98.24498
6470,82.770485
6471,97.470566
6473,101.49121
6474,97.805214
6479,96.769325
6481,100.98454
6484,109.47821
6495,96.96373
6496,106.77051
6505,107.44233
6506,101.15516
6508,98.7511
6509,98.22915
6510,103.05027
6512,101.77464
6513,98.7511
6514,102.17168
6515,95.974
6519,96.73442
6521,97.6629
6523,80.408936
6525,97.46357
6526,101.39825
6528,98.48874
6529,99.76358
6531,108.1676
6533,99.21099
6534,97.805214
6535,108.07393
6536,99.48638
6537,109.62415
6540,96.91648
6541,105.40703
6547,101.87962
6548,98.22915
6551,108.71476
6553,103.37117
6555,99.71571
6556,98.7511
6561,80.408936
6564,98.88537
6565,108.07393
6568,102.86942
6569,103.08209
6573,97.510025
6574,96.769325
6577,108.71476
6579,113.677574
6581,102.17515
6582,99.700325
6585,103.69966
6586,96.530716
6589,102.90888
6590,80.408936
6593,103.228035
6594,106.58721
6595,95.871414
6599,99.575905
6600,96.39713
6601,107.81557
6602,94.998375
6603,108.07393
6604,100.93893
6607,107.804344
6608,109.819626
6609,98.083244
6611,100.08316
6613,103.08209
6614,99.66889
6616,96.41926
6617,103.08209
6618,98.06757
6619,96.60534
6621,99.71571
6627,99.75675
6629,109.65906
6631,80.408936
6634,96.41926
6636,98.7511
6638,102.86942
6639,103.08209
6641,108.07393
6642,98.314476
6651,113.30159
6654,82.61369
6657,102.16923
6663,99.113144
6665,101.7321
6666,100.08316
6668,98.06757
6669,99.21099
6670,101.358864
6671,102.963264
6673,98.078636
6675,95.63499
6676,80.408936
6677,97.98606
6679,96.91069
6680,105.59942
6681,103.05027
6685,103.05027
6688,97.805214
6689,95.871414
6690,99.08702
6692,103.08209
6693,96.16372
6694,101.032455
6698,113.30159
6699,96.69266
6700,108.09987
6701,96.24465
6702,109.038635
6704,95.871414
6707,107.44233
6712,107.89308
6713,95.22264
6715,108.34397
6721,105.58479
6722,98.84658
6723,109.414955
6724,97.88508
6725,113.30159
6731,108.30907
6735,83.14832
6736,108.34397
6737,108.07393
6738,98.885796
6739,96.688705
6741,102.90888
6743,98.153755
6745,98.06757
6747,104.02118
6749,97.8746
6750,106.52611
6751,112.01242
6752,102.83439
6753,103.08209
6755,103.07688
6756,96.132286
6757,107.80181
6759,107.03336
6761,95.75006
6763,97.470566
6764,113.30159
6765,97.8865
6766,108.74864
6768,102.350075
6771,95.871414
6773,96.670975
6774,100.85414
6778,108.09987
6779,105.44372
6781,96.69266
6784,97.8746
6786,98.07037
6787,99.88066
6790,100.49326
6793,103.68342
6795,103.08209
6798,107.804344
6806,96.91648
6807,101.93266
6810,96.670975
6815,101.40569
6816,95.62615
6817,97.40911
6818,99.75675
6819,102.8548
6820,99.575905
6822,100.52773
6823,113.30159
6824,103.05027
6825,101.22793
6828,80.408936
6829,105.780266
6831,106.01915
6832,97.46993
6833,103.24266
6834,97.470566
6836,102.35252
6837,107.89308
6838,95.64198
6840,96.5754
6843,95.19181
6845,93.94814
6846,96.19765
6847,103.04719
6851,103.44033
6852,103.08823
6853,99.94443
6858,103.23424
6861,107.80181
6863,107.81557
6864,80.08253
6865,101.91855
6866,107.89308
6867,98.308235
6868,98.26132
6869,100.52773
6870,103.05027
6874,100.90097
6875,96.40681
6877,102.350075
6878,100.86325
6880,98.06757
6883,101.579094
6884,101.73518
6886,96.41926
6890,101.95233
6893,101.22793
6894,95.70947
6899,102.350075
6900,100.52773
6904,102.6801
6905,103.2109
6906,97.448494
6910,97.51326
6912,98.02176
6913,108.41877
6920,96.132286
6922,98.00892
6923,103.08209
6926,101.55434
6927,103.58469
6928,95.84056
6931,114.76577
6933,96.13457
6936,97.63396
6937,107.60136
6939,98.22915
6941,98.153755
6942,101.33507
6943,101.55434
6944,97.07045
6945,96.49013
6946,98.22915
6947,113.30159
6949,103.29437
6951,103.29437
6953,102.67395
6954,97.23438
6955,105.58479
6963,107.4109
6964,97.68251
6966,99.097435
6968,95.40349
6970,103.05027
6972,108.34845
6976,103.98984
6978,107.89308
6981,97.019066
6985,107.29709
6986,97.8746
6987,103.42351
6989,98.60239
6991,113.30159
6993,108.08824
6994,98.57763
6995,102.8548
6996,97.42374
6997,105.780266
6998,84.11151
7001,107.13204
7003,107.39967
7006,96.49013
7008,99.75675
7010,93.94814
7011,97.57864
7012,98.37786
7013,99.11481
7014,106.75961
7017,94.3625
7018,98.06757
7019,93.463066
7023,95.70947
7024,98.12595
7025,98.31953
7026,107.80181
7027,95.99315
7028,104.85526
7030,103.08209
7031,101.37051
7033,102.10842
7036,96.39713
7037,96.13457
7039,96.670975
7044,95.75006
7045,107.89308
7046,101.96816
7049,95.871414
7050,100.26401
7051,103.05027
7054,110.48199
7055,98.51906
7057,96.1984
7060,102.350075
7061,98.06757
7063,96.497185
7064,104.834175
7067,98.06757
7071,101.032455
7074,101.427956
7075,97.694336
7078,107.89308
7079,95.871414
7080,103.113525
7081,100.90097
7082,107.89308
7083,97.28692
7085,108.97451
7092,102.8548
7094,100.08316
7100,97.42374
7101,101.358864
7102,107.89308
7104,104.08886
7105,98.06757
7106,98.7511
7107,97.37399
7108,80.408936
7109,95.72244
7110,107.60136
7112,99.575905
7113,103.05027
7114,102.86942
7116,107.89308
7117,98.7511
7118,101.42032
7120,95.23731
7121,100.63032
7123,100.82326
7124,95.96839
7127,106.52611
7131,100.82326
7132,99.75675
7133,94.192245
7134,107.804344
7135,95.871414
7136,109.11943
7137,96.002174
7141,97.42374
7144,103.05027
7147,101.7321
7148,98.22915
7150,96.870514
7151,95.23731
7152,101.26739
7154,97.8746
7156,96.524055
7157,106.34526
7159,113.30159
7161,97.26885
7163,97.6629
7164,98.578255
7167,80.08253
7169,103.20837
7170,95.481415
7173,97.6629
7174,107.82612
7177,107.804344
7178,107.80181
7179,97.6629
7180,83.600876
7181,102.8548
7182,96.733215
7184,98.7511
7185,105.780266
7186,96.901855
7187,113.30159
7188,96.01459
7189,101.55434
7191,101.99847
7193,105.816956
7197,96.227165
7199,99.53457
7200,107.89308
7201,95.871414
7204,100.52773
7207,107.55189
7209,107.81557
7210,96.13341
7211,101.579094
7213,101.79906
7214,105.780266
7216,105.780266
7217,96.40681
7220,102.8548
7224,103.08209
7225,97.228264
7226,105.780266
7227,97.694336
7234,105.780266
7236,83.524956
7239,107.94378
7240,97.013275
7242,113.30159
7244,101.66442
7245,95.70947
7247,98.7915
7248,96.13341
7249,113.30159
7250,108.34845
7251,97.06345
7252,109.11943
7253,80.08253
7256,95.45496
7260,97.470566
7261,103.113525
7264,101.336006
7269,107.13204
7270,96.40681
7273,102.350075
7279,97.17084
7281,105.40703
7284,102.9242
7285,101.93521
7286,113.30159
7287,101.22793
7289,98.7511
7292,97.8746
7293,108.07393
7296,99.87547
7297,106.96045
7298,98.88035
7299,105.403946
7301,103.64177
7304,102.17168
7306,108.34845
7308,98.7511
7309,97.15441
7312,97.8746
7313,80.08253
7314,96.24465
7316,97.32307
7319,108.71476
7321,102.8548
7323,97.65361
7324,103.39767
7325,97.694336
7328,97.34143
7330,80.08253
7334,97.694336
7337,105.780266
7338,102.82392
7339,96.16372
7341,97.40054
7342,105.780266
7344,101.33051
7345,101.95233
7347,105.816956
7349,105.40703
7350,97.98606
7353,103.4929
7355,108.34845
7356,96.530716
7357,105.84352
7358,103.35048
7360,98.065926
7363,96.88505
7364,101.032455
7366,103.51192
7368,98.48874
7369,103.68727
7370,95.268196
7373,97.504196
7374,99.35891
7375,101.39825
7377,95.98867
7379,100.64241
7380,113.30159
7382,99.295654
7383,96.40681
7385,102.83439
7386,101.77464
7391,100.863434
7394,95.9153
7396,108.34845
7397,97.20541
7399,95.98867
7400,101.03499
7403,80.08253
7405,105.403946
7408,99.94443
7414,107.81557
7416,97.87798
7417,97.42586
7419,96.50939
7420,103.113525
7421,99.54821
7422,101.032455
7423,97.03881
7425,80.408936
7430,101.358864
7432,102.86942
7433,103.39175
7434,104.123764
7436,109.1669
7437,98.31953
7438,108.71476
7440,97.17779
7441,101.76456
7442,102.72331
7445,101.39825
7446,97.87798
7448,106.80151
7450,97.34143
7451,98.7511
7454,103.16649
7455,101.623344
7457,108.71476
7459,97.34143
7462,100.52773
7464,98.7511
7465,101.7321
7466,101.032455
7467,101.579094
7469,100.85012
7472,98.57763
7473,103.08209
7479,97.694336
7480,103.29437
7484,107.44233
7491,97.40054
7494,98.578255
7495,101.39825
7501,101.613594
7503,96.670975
7504,103.05027
7505,103.55474
7508,107.29709
7509,100.25736
7510,80.08253
7511,107.13204
7515,101.39825
7516,99.3356
7517,101.79844
7518,99.90887
7519,97.40054
7521,102.46475
7522,102.17931
7524,104.27355
7526,102.8548
7527,97.68504
7528,89.3733
7529,96.49013
7534,105.128654
7537,107.76293
7538,101.70924
7540,101.33051
7541,107.804344
7545,103.05027
7551,107.638115
7553,97.51349
7554,102.89041
7555,101.79844
7561,107.29709
7562,99.377556
7564,100.993576
7565,97.86131
7566,95.974
7567,104.2841
7569,100.82326
7570,96.733215
7571,113.30159
7572,102.350075
7574,107.997284
7578,105.84352
7579,96.227165
7586,97.20541
7587,85.65152
7590,97.805214
7593,103.08209
7594,102.708855
7595,95.974
7600,97.19991
7601,81.34149
7602,96.24465
7603,113.66808
7604,97.444016
7606,102.69242
7608,107.638115
7613,80.408936
7615,104.528435
7616,109.1669
7617,109.21948
7618,97.68504
7619,103.05027
7622,102.16923
7623,101.33051
7624,103.42814
7625,99.3356
7626,97.51349
7627,101.33051
7628,80.70066
7631,104.71275
7632,103.05027
7633,96.41926
7634,104.223625
7635,97.697136
7636,105.780266
7637,105.780266
7639,97.444016
7640,80.408936
7644,108.07393
7645,96.24465
7648,101.03499
7649,101.29118
7650,103.05027
7652,101.7321
7653,97.694336
7655,101.032455
7659,107.29709
7662,96.7738
7664,98.153755
7666,96.74905
7668,102.10842
7669,107.70069
7670,96.606834
7672,105.03071
7673,103.68727
7678,96.7049
7679,84.19459
7680,99.21099
7683,95.684395
7685,113.30159
7688,98.06757
7690,109.1669
7692,96.49013
7693,94.518654
7695,105.780266
7696,100.08316
7698,97.504196
7699,107.271965
7702,96.97804
7703,105.780266
7704,101.79844
7707,107.13204
7713,80.408936
7715,107.904396
7717,108.50454
7718,101.358864
7719,101.927574
7721,105.128654
7722,98.308235
7725,99.10018
7727,101.593796
7730,83.57324
7733,95.871414
7735,101.33051
7740,105.780266
7741,102.17168
7742,96.49013
7744,99.57711
7747,100.08316
7750,80.408936
7752,107.80181
7754,102.17168
7756,107.997284
7757,97.65361
7758,107.098755
7760,98.24619
7761,95.98867
7763,105.44372
7765,97.694336
7767,105.780266
7768,96.49013
7771,96.41926
7773,102.54608
7774,102.30408
7776,98.20439
7779,100.08316
7783,100.08316
7786,101.73518
7787,106.10048
7789,99.84007
7791,96.49013
7793,101.680885
7794,98.38524
7795,99.4354
7799,80.08253
7800,97.17283
7802,101.55434
7805,100.75808
7807,101.33051
7808,101.55434
7811,103.29437
7817,109.1669
7818,103.05027
7819,97.6342
7822,97.19991
7823,102.16923
7825,106.02437
7828,99.75675
7832,97.470566
7833,80.37425
7834,99.04282
7835,101.04428
7837,95.98867
7840,96.70178
7842,96.34043
7843,108.684906
7844,95.70947
7846,95.98867
7850,99.72532
7853,108.07393
7855,108.41877
7858,99.84007
7863,107.29709
7865,108.07393
7866,103.4918
7868,92.16141
7869,108.09987
7871,80.08253
7872,96.56573
7874,101.06736
7877,108.34845
7878,96.24465
7879,101.55434
7881,96.847244
7883,97.59658
7885,97.26592
7886,97.51349
7889,95.96839
7890,101.83466
7891,97.42374
7893,97.275185
7894,98.01291
7896,103.05027
7898,101.593796
7901,101.55434
7902,105.9978
7904,98.564354
7905,98.05575
7906,101.77912
7909,98.06757
7910,101.33051
7913,99.575905
7918,107.7822
7919,95.871414
7923,97.20541
7925,94.986404
7927,94.192245
7930,101.15516
7932,101.224846
7933,95.8561
7935,98.89497
7939,99.660286
7942,100.86325
7943,102.8548
7945,97.17779
7946,98.48874
7948,101.39825
7949,103.08209
7950,97.805214
7951,105.780266
7955,103.08973
7959,101.032455
7960,105.780266
7961,98.3593
7962,107.29709
7964,103.67121
7965,101.91295
7966,108.07393
7967,104.625984
7968,97.28348
7971,108.12822
7974,95.871414
7976,103.04524
7978,110.30054
7982,105.780266
7983,98.06757
7984,102.8548
7986,97.228264
7989,103.08209
7991,105.9978
7992,101.41672
7993,91.087524
7994,108.07393
7995,97.470566
7997,95.511566
7998,102.8548
7999,109.1669
8002,95.58848
8007,98.448494
8009,101.579094
8011,97.93064
8013,97.20213
8015,103.054825
8017,107.03336
8019,113.30159
8023,103.350334
8024,105.780266
8026,108.71476
8027,95.82618
8029,97.6629
8030,103.93585
8031,98.20439
8033,104.348
8035,96.930305
8036,105.417175
8039,107.29709
8042,95.699066
8044,97.694336
8046,81.49482
8048,107.46517
8049,98.05575
8050,102.8548
8053,100.993576
8054,102.790184
8059,97.19991
8061,96.057915
8062,102.8548
8064,102.350075
8066,104.41299
8067,98.38216
8068,96.40938
8070,97.98606
8071,108.07393
8072,100.38992
8076,96.86798
8080,95.62615
8081,105.780266
8084,99.95678
8087,103.367935
8089,96.69266
8090,113.30159
8091,103.29437
8094,109.62415
8100,97.40054
8101,96.56517
8110,96.91406
8111,105.9978
8112,105.402794
8115,100.830345
8116,99.28591
8118,102.350075
8121,113.30159
8125,109.21948
8127,104.350746
8128,101.66442
8129,105.9978
8131,97.10645
8138,96.91406
8139,101.33051
8140,97.19991
8141,102.54608
8142,106.96045
8143,102.17168
8145,108.71476
8146,96.423904
8148,107.81557
8153,107.80181
8154,95.48565
8155,106.36584
8161,97.275185
8162,103.66761
8163,100.25736
8166,108.71476
8168,107.29709
8170,100.38992
8172,105.816956
8173,96.10492
8176,101.579094
8179,100.993576
8181,98.083244
8182,113.30159
8184,110.30054
8190,99.21099
8191,100.08316
8194,105.97815
8196,107.81364
8198,101.44932
8199,107.89308
8201,108.34845
8202,97.444016
8207,101.408226
8208,105.816956
8211,107.804344
8214,112.747505
8217,100.993576
8218,98.00892
8222,96.733215
8229,107.60136
8231,98.20439
8233,97.65946
8236,100.08316
8238,105.59942
8240,103.39767
8243,98.49532
8246,102.67395
8250,97.51561
8254,98.308235
8256,80.408936
8257,101.945404
8258,101.29118
8260,98.06757
8261,101.579094
8263,113.12074
8264,96.733215
8267,103.89647
8268,101.04708
8271,101.66442
8272,105.816956
8275,98.919334
8276,96.2297
8277,103.799255
8278,113.30159
8279,98.00475
8280,105.098114
8281,97.51349
8282,101.945404
8287,108.34845
8288,96.37867
8289,105.59942
8294,102.69048
8296,102.365234
8299,99.87809
8302,103.054825
8308,110.89067
8314,106.52611
8315,100.4576
8316,107.76293
8317,98.00892
8319,107.80181
8320,84.76348
8321,113.30159
8323,96.49013
8325,96.32336
8326,106.447845
8328,105.816956
8330,98.65757
8331,102.60934
8332,106.525185
8334,96.733215
8338,100.762085
8339,97.26765
8341,103.6544
8345,107.89308
8346,98.578255
8347,107.29709
8349,98.0483
8351,97.09434
8352,107.76293
8353,105.816956
8355,103.47114
8358,109.1669
8359,97.66784
8360,97.8749
8361,101.1936
8363,107.997284
8364,97.6629
8365,96.530716
8366,103.05027
8370,107.64602
8372,96.32336
8376,97.65361
8377,106.92341
8379,102.17168
8380,97.95463
8381,108.24139
8386,96.91031
8388,100.58432
8389,101.15516
8391,105.403946
8394,98.308235
8396,107.29709
8398,95.795906
8400,108.34845
8401,102.60934
8404,103.6544
8407,101.358864
8408,105.22618
8409,105.816956
8410,107.29709
8411,97.31498
8413,101.66442
8414,107.76293
8416,97.444016
